{
  "dataset": "D:\\Code\\Qiansai\\dataset7000",
  "total_images": 7738,
  "split_image_counts": {
    "train": 7154,
    "val": 525,
    "test": 59
  },
  "class_names": [
    "base",
    "end",
    "start",
    "tip"
  ],
  "class_counts": {
    "base": 7670,
    "end": 7513,
    "start": 7534,
    "tip": 7683
  },
  "objects_total": 30400,
  "objects_per_image": {
    "min": 0,
    "p25": 4.0,
    "mean": 3.928663737399845,
    "median": 4.0,
    "p75": 4.0,
    "max": 5
  },
  "image_width": {
    "min": 640,
    "p25": 640.0,
    "mean": 640.0,
    "median": 640.0,
    "p75": 640.0,
    "max": 640
  },
  "image_height": {
    "min": 640,
    "p25": 640.0,
    "mean": 640.0,
    "median": 640.0,
    "p75": 640.0,
    "max": 640
  },
  "top_image_sizes": [
    [
      "640x640",
      7738
    ]
  ],
  "bbox_width_normalized": {
    "min": 0.00078125,
    "p25": 0.02421875,
    "mean": 0.03981368215460526,
    "median": 0.03671875,
    "p75": 0.0515625,
    "max": 0.14140625
  },
  "bbox_height_normalized": {
    "min": 0.00078125,
    "p25": 0.025,
    "mean": 0.035967053865131576,
    "median": 0.03359375,
    "p75": 0.0453125,
    "max": 0.178125
  },
  "bbox_area_normalized": {
    "min": 1.2207031250000002e-06,
    "p25": 0.0006030273437499999,
    "mean": 0.001606778215107165,
    "median": 0.0012622070312500002,
    "p75": 0.0020507812499999997,
    "max": 0.025187988281250004
  },
  "bbox_by_class": {
    "base": {
      "count": 7670,
      "width": {
        "min": 0.0015625,
        "p25": 0.02890625,
        "mean": 0.05395809566492829,
        "median": 0.05625,
        "p75": 0.075,
        "max": 0.1109375
      },
      "height": {
        "min": 0.00078125,
        "p25": 0.0390625,
        "mean": 0.048634187581486306,
        "median": 0.04765625,
        "p75": 0.053125,
        "max": 0.16328125
      },
      "area": {
        "min": 1.2207031250000002e-06,
        "p25": 0.00147216796875,
        "mean": 0.0028204441990659634,
        "median": 0.0024609375,
        "p75": 0.0038536071777343747,
        "max": 0.014797363281249998
      }
    },
    "end": {
      "count": 7513,
      "width": {
        "min": 0.00859375,
        "p25": 0.025,
        "mean": 0.03928482297351258,
        "median": 0.04296875,
        "p75": 0.05,
        "max": 0.14140625
      },
      "height": {
        "min": 0.0078125,
        "p25": 0.0265625,
        "mean": 0.0354237030813257,
        "median": 0.03203125,
        "p75": 0.04140625,
        "max": 0.178125
      },
      "area": {
        "min": 0.0001220703125,
        "p25": 0.000946044921875,
        "mean": 0.0014658454317204345,
        "median": 0.001309814453125,
        "p75": 0.0017773437499999998,
        "max": 0.025187988281250004
      }
    },
    "start": {
      "count": 7534,
      "width": {
        "min": 0.00078125,
        "p25": 0.03046875,
        "mean": 0.04098047186089727,
        "median": 0.04296875,
        "p75": 0.0515625,
        "max": 0.121875
      },
      "height": {
        "min": 0.00234375,
        "p25": 0.0265625,
        "mean": 0.03553049094106717,
        "median": 0.03359375,
        "p75": 0.0421875,
        "max": 0.121875
      },
      "area": {
        "min": 1.8310546875e-06,
        "p25": 0.0009509277343749999,
        "mean": 0.0015031113509382467,
        "median": 0.0014306640624999999,
        "p75": 0.00191162109375,
        "max": 0.00900634765625
      }
    },
    "tip": {
      "count": 7683,
      "width": {
        "min": 0.0015625,
        "p25": 0.01484375,
        "mean": 0.025066197286216323,
        "median": 0.0265625,
        "p75": 0.03203125,
        "max": 0.09140625
      },
      "height": {
        "min": 0.00546875,
        "p25": 0.01796875,
        "mean": 0.024280778179096702,
        "median": 0.02265625,
        "p75": 0.03046875,
        "max": 0.090625
      },
      "area": {
        "min": 9.765625000000002e-06,
        "p25": 0.000341796875,
        "mean": 0.0006346366114717559,
        "median": 0.00053955078125,
        "p75": 0.00083404541015625,
        "max": 0.00828369140625
      }
    }
  },
  "missing_labels": [],
  "bad_labels": [],
  "bad_label_count": 0
}